PA,SZ,0_to_4,5_to_9,10_to_14,15_to_19,20_to_24,25_to_29,30_to_34,35_to_39,40_to_44,45_to_49,50_to_54,55_to_59,60_to_64,65_to_69,70_to_74,75_to_79,80_to_84,85_to_89,90_and_over
Ang Mo Kio,Ang Mo Kio Town Centre,170,260,330,310,290,290,280,330,430,470,350,350,290,270,200,140,80,40,10
Ang Mo Kio,Cheng San,1050,1000,1060,1210,1380,1810,2010,2220,2050,2220,2070,2160,2200,2150,1570,1020,580,310,150
Ang Mo Kio,Chong Boon,840,880,1020,1150,1380,1600,1930,1820,1900,1840,1980,2150,2160,2080,1670,1190,740,400,200
Ang Mo Kio,Kebun Bahru,730,840,1020,1090,1170,1450,1400,1550,1700,1860,1820,1800,1750,1700,1300,900,590,330,140
Ang Mo Kio,Sembawang Hills,200,280,410,460,530,510,320,290,400,540,540,550,480,420,300,240,150,100,50
Ang Mo Kio,Shangri-La,540,590,680,720,860,1030,1030,1010,1090,1170,1260,1420,1240,1140,910,670,400,240,120
Ang Mo Kio,Tagore,220,320,430,490,570,690,490,360,450,600,590,700,710,520,330,220,190,100,60
Ang Mo Kio,Townsville,750,910,930,830,930,1370,1370,1520,1700,1550,1400,1630,1680,1590,1310,960,610,330,180
Ang Mo Kio,Yio Chu Kang,0,0,0,0,0,0,0,0,0,0,0,0,0,0,0,0,0,0,0
Ang Mo Kio,Yio Chu Kang East,160,170,230,260,320,330,240,240,250,330,290,350,360,250,170,110,80,30,30
Ang Mo Kio,Yio Chu Kang North,0,0,0,0,0,0,0,0,0,0,0,0,0,0,0,0,0,0,0
Ang Mo Kio,Yio Chu Kang West,760,980,1270,1410,1490,1540,1440,1600,1790,1990,1870,1980,1940,1850,1200,710,420,230,100
Bedok,Bayshore,320,470,490,420,350,330,310,580,800,860,640,480,400,350,260,130,90,40,60
Bedok,Bedok North,2790,3140,3560,4250,4880,5740,5120,5340,5810,6030,6400,7050,6520,5950,4400,2640,1640,940,480
Bedok,Bedok Reservoir,1130,1270,1490,1510,1530,1590,1880,1940,2120,2120,1930,1880,1840,1470,890,490,300,180,70
Bedok,Bedok South,1490,1820,2200,2440,2850,3300,2870,2830,3160,3540,3580,3850,3760,3380,2570,1680,1220,680,370
Bedok,Frankel,1480,2050,2080,1720,1890,2050,1940,2490,2990,3130,2490,2270,2080,1940,1430,890,700,440,280
Bedok,Kaki Bukit,1210,1270,1650,2080,2690,3310,2760,2270,2320,2520,2630,3490,3460,2600,1700,870,550,230,170
Bedok,Kembangan,1440,1380,1570,1870,2120,2790,2730,2520,2400,2580,2740,3040,3280,2690,1950,1270,860,510,330
Bedok,Siglap,160,240,260,350,350,420,330,340,470,510,460,490,490,430,460,330,240,110,60
Bishan,Bishan East,850,1180,1330,1400,1580,2460,2040,1800,1920,2210,1920,2260,2420,2100,1350,870,570,300,150
Bishan,Marymount,1070,1390,1630,1720,2190,2590,1740,1850,2080,2290,2330,2590,2330,1700,1100,660,390,220,130
Bishan,Upper Thomson,930,1280,1470,1620,1800,2040,1650,1640,1940,2360,2260,2370,2390,1930,1430,1010,710,450,240
Boon Lay,Liu Fang,0,0,0,0,0,0,0,0,0,0,0,0,0,0,0,0,0,0,0
Boon Lay,Samulun,0,0,0,0,0,0,0,0,0,0,0,0,0,0,0,0,0,0,0
Boon Lay,Shipyard,0,0,0,0,0,0,0,0,0,0,0,0,0,0,0,0,0,0,0
Boon Lay,Tukang,0,0,0,0,0,0,0,0,0,0,0,0,0,0,0,0,0,0,0
Bukit Batok,Brickworks,1830,850,670,570,490,2200,2500,1240,1140,1000,790,610,460,320,210,130,60,40,10
Bukit Batok,Bukit Batok Central,1260,1270,1400,1530,1560,2040,2340,1930,1870,1990,2030,2060,2110,1660,1020,600,400,190,120
Bukit Batok,Bukit Batok East,330,360,600,630,840,970,850,830,840,970,1020,1220,1260,950,560,290,180,110,60
Bukit Batok,Bukit Batok South,720,700,760,900,1190,1170,1300,1110,930,1100,1200,1320,1210,720,370,170,110,60,30
Bukit Batok,Bukit Batok West,670,610,740,840,940,1020,1230,1070,1050,1070,1100,1230,1190,1000,550,300,190,130,70
Bukit Batok,Gombak,370,540,570,570,650,700,610,770,900,790,720,720,630,540,380,250,190,90,50
Bukit Batok,Guilin,450,570,740,760,850,870,860,930,1000,1140,1150,1070,900,700,420,280,200,110,80
Bukit Batok,Hillview,580,750,1050,1430,1590,1400,1030,1030,1260,1690,1910,1760,1360,1010,570,350,190,120,60
Bukit Batok,Hong Kah North,920,990,1270,1570,1740,2140,1760,1690,1700,1930,2090,2460,2470,1660,940,560,300,170,80
Bukit Merah,Alexandra Hill,380,450,590,680,810,920,840,760,790,940,1020,1160,1130,1080,840,560,410,250,170
Bukit Merah,Alexandra North,150,150,130,80,70,110,200,270,250,240,160,110,80,50,40,20,10,0,0
Bukit Merah,Bukit Ho Swee,520,630,540,540,620,850,970,1040,970,1010,1010,1180,1310,1120,880,680,460,280,170
Bukit Merah,Bukit Merah,20,40,40,70,80,70,60,70,50,90,80,90,80,100,70,50,30,10,0
Bukit Merah,City Terminals,0,0,0,0,0,0,0,0,0,0,0,0,0,0,0,0,0,0,0
Bukit Merah,Depot Road,370,390,360,290,300,290,500,550,680,580,430,380,370,350,290,190,110,60,20
Bukit Merah,Everton Park,250,290,330,360,340,450,490,580,660,650,580,540,630,600,470,320,250,120,60
Bukit Merah,Henderson Hill,440,450,510,580,640,860,910,780,800,940,1040,1090,1080,980,810,640,450,260,120
Bukit Merah,Kampong Tiong Bahru,230,250,370,370,460,560,490,480,580,690,740,750,850,810,610,470,340,160,100
Bukit Merah,Maritime Square,180,210,190,150,90,140,170,340,390,360,280,240,180,150,90,80,60,50,40
Bukit Merah,Redhill,520,710,610,500,500,640,650,820,1100,920,770,750,610,490,390,270,240,110,130
Bukit Merah,Singapore General Hospital,0,0,0,0,0,0,0,0,0,0,0,0,0,0,0,0,0,0,0
Bukit Merah,Telok Blangah Drive,1070,830,770,720,740,1190,1990,1670,1460,1360,1230,1220,1200,1180,980,700,460,220,120
Bukit Merah,Telok Blangah Rise,340,410,440,520,620,760,660,770,900,930,830,940,1060,1120,910,590,350,170,80
Bukit Merah,Telok Blangah Way,270,400,400,360,430,510,470,570,740,790,710,780,810,730,570,430,300,170,120
Bukit Merah,Tiong Bahru,760,670,540,450,440,730,1130,1190,1220,990,790,780,830,810,650,450,300,150,150
Bukit Merah,Tiong Bahru Station,600,770,820,710,710,1060,1020,1160,1240,1290,1120,1090,1050,800,710,540,420,210,110
Bukit Panjang,Bangkit,670,770,1030,1230,1660,1950,1440,1260,1380,1590,1870,2250,1940,1390,870,610,370,210,100
Bukit Panjang,Dairy Farm,290,370,450,500,460,490,450,440,560,610,530,530,420,290,190,90,50,40,20
Bukit Panjang,Fajar,1660,1720,1640,1650,1770,2180,2450,2300,1960,2010,1930,2130,1780,1260,780,490,290,140,70
Bukit Panjang,Jelebu,930,1190,1520,1990,2520,2710,2080,1770,1980,2460,2730,2900,2620,1770,1120,620,450,180,120
Bukit Panjang,Nature Reserve,160,160,230,250,290,250,210,230,260,360,330,340,270,190,130,70,50,30,10
Bukit Panjang,Saujana,1690,1600,1550,1580,1730,1790,2390,2260,1860,1890,1710,1950,1800,1140,590,290,180,120,70
Bukit Panjang,Senja,1300,1420,1260,1300,1140,1190,1720,1970,1610,1690,1350,1310,1140,870,550,300,170,100,60
Bukit Timah,Anak Bukit,720,1110,1270,1290,1520,1730,1330,1240,1460,1720,1620,1680,1710,1410,950,650,460,250,130
Bukit Timah,Coronation Road,310,470,470,450,350,360,310,430,560,610,450,400,330,330,270,200,130,70,50
Bukit Timah,Farrer Court,320,510,390,400,290,350,350,510,560,620,450,400,330,310,230,170,140,80,30
Bukit Timah,Hillcrest,400,720,630,610,550,410,400,580,780,850,760,620,540,380,380,270,190,120,50
Bukit Timah,Holland Road,460,780,820,760,630,520,480,610,960,1110,840,690,560,490,370,270,180,110,70
Bukit Timah,Leedon Park,320,310,400,360,380,330,360,430,480,600,560,430,370,350,350,160,110,70,50
Bukit Timah,Swiss Club,240,300,350,310,310,330,270,350,380,440,410,340,320,290,190,150,120,70,50
Bukit Timah,Ulu Pandan,390,620,670,630,660,680,560,550,830,940,840,780,730,700,580,310,230,120,70
Central Water Catchment,Central Water Catchment,0,0,0,0,0,0,0,0,0,0,0,0,0,0,0,0,0,0,0
Changi,Changi Airport,0,0,0,0,0,0,0,0,0,0,0,0,0,0,0,0,0,0,0
Changi,Changi Point,0,0,20,30,20,20,20,20,30,50,60,60,70,40,20,20,0,0,0
Changi,Changi West,130,130,120,80,60,80,120,140,130,120,80,40,30,30,10,10,0,0,0
Changi Bay,Changi Bay,0,0,0,0,0,0,0,0,0,0,0,0,0,0,0,0,0,0,0
Choa Chu Kang,Choa Chu Kang Central,880,1080,1360,1520,1870,1870,1330,1480,1660,1870,2090,1930,1410,940,560,360,230,110,60
Choa Chu Kang,Choa Chu Kang North,920,1190,1780,2700,3650,2770,1660,1630,1700,2570,3590,3060,2140,1330,720,460,310,190,70
Choa Chu Kang,Keat Hong,3410,2380,1990,2100,2380,3520,4390,3200,2520,2380,2470,2160,1570,1070,620,330,250,160,60
Choa Chu Kang,Peng Siang,1600,1610,1690,2060,2610,2760,2700,2410,2210,2350,2730,2800,2240,1660,930,460,310,180,110
Choa Chu Kang,Teck Whye,770,810,1030,1440,2050,2340,1570,1370,1310,1750,2120,2440,2000,1510,940,630,380,170,90
Choa Chu Kang,Yew Tee,1400,2080,2560,2950,3420,2960,2390,2870,3290,3690,3710,3290,2710,1650,860,540,320,170,90
Clementi,Clementi Central,480,630,670,640,720,890,820,990,1090,1210,960,1020,990,1020,840,520,310,170,90
Clementi,Clementi North,1470,1230,1150,1210,1280,1650,2320,2420,2240,2160,1940,1950,1930,2110,1730,1130,760,360,240
Clementi,Clementi West,540,630,780,800,820,890,840,1110,1280,1320,1200,1190,1240,1200,800,510,260,130,50
Clementi,Clementi Woods,690,700,780,780,800,910,1060,1200,1130,1150,1150,1200,1030,1090,920,530,350,160,80
Clementi,Faber,300,450,430,370,340,360,400,510,550,530,410,310,270,240,170,100,70,30,10
Clementi,Pandan,0,0,0,0,0,0,0,0,0,0,0,0,0,0,0,0,0,0,0
Clementi,Sunset Way,190,240,280,340,400,390,370,320,380,440,480,490,470,500,370,200,140,70,40
Clementi,Toh Tuck,0,0,0,0,0,0,0,0,0,0,0,0,0,0,0,0,0,0,0
Clementi,West Coast,290,430,520,410,340,340,270,440,610,650,500,380,320,300,240,140,80,40,10
Downtown Core,Anson,0,0,0,0,0,0,0,0,0,0,0,0,0,0,0,0,0,0,0
Downtown Core,Bayfront Subzone,0,0,0,0,0,0,0,0,0,0,0,0,0,0,0,0,0,0,0
Downtown Core,Bugis,20,40,10,40,50,50,70,90,70,90,70,60,60,70,60,30,20,10,20
Downtown Core,Cecil,0,0,0,0,20,20,40,40,20,20,20,10,10,0,0,0,0,0,0
Downtown Core,Central Subzone,40,30,30,30,20,50,70,100,100,110,70,50,40,20,20,0,0,0,0
Downtown Core,City Hall,0,0,0,0,0,0,0,0,0,0,0,0,0,0,0,0,0,0,0
Downtown Core,Clifford Pier,0,0,0,0,0,0,0,0,0,0,0,0,0,0,0,0,0,0,0
Downtown Core,Marina Centre,0,0,0,0,0,0,0,0,0,0,0,0,0,0,0,0,0,0,0
Downtown Core,Maxwell,0,0,0,0,0,0,0,0,0,0,0,0,0,0,0,0,0,0,0
Downtown Core,Phillip,0,0,0,0,0,0,0,0,0,0,0,0,0,0,0,0,0,0,0
Downtown Core,Raffles Place,0,0,0,0,0,0,0,0,0,0,0,0,0,0,0,0,0,0,0
Downtown Core,Tanjong Pagar,20,20,10,0,20,50,90,80,70,50,40,40,30,20,20,0,0,0,30
Geylang,Aljunied,1290,1550,1770,1750,1990,2840,2930,2980,3130,3230,2900,3180,3140,2550,1860,1270,910,550,370
Geylang,Geylang East,1180,1350,1440,1460,1620,2070,2030,2240,2400,2320,2120,2170,2280,1950,1570,970,630,380,220
Geylang,Kallang Way,0,0,0,0,0,0,0,0,0,0,0,0,0,0,0,0,0,0,0
Geylang,Kampong Ubi,400,470,550,630,800,1110,960,830,840,750,830,1100,1110,770,480,270,110,60,40
Geylang,Macpherson,1090,950,1150,1360,1580,1960,1990,1740,1690,1920,2300,2450,2260,1800,1220,1000,730,400,230
Hougang,Defu Industrial Park,0,0,0,0,0,0,0,0,0,0,0,0,0,0,0,0,0,0,0
Hougang,Hougang Central,130,140,220,290,350,450,310,260,270,350,400,430,410,300,180,120,70,50,30
Hougang,Hougang East,1440,1210,1030,1140,1610,2110,2420,2150,1700,1610,1710,2120,1800,1320,830,480,260,150,80
Hougang,Hougang West,1250,1350,1730,2190,3160,4050,3260,2690,2630,3020,3530,4620,4380,3240,1960,1160,700,400,210
Hougang,Kangkar,1770,1610,1520,1660,1670,2110,2770,2600,2410,2440,2240,2300,2150,1760,1130,770,530,250,130
Hougang,Kovan,870,1140,1300,1520,1690,1910,1580,1540,1760,2050,1830,1960,1900,1440,1000,650,430,210,170
Hougang,Lorong Ah Soo,960,1130,1480,1780,1980,2280,2120,2100,2210,2500,2480,2660,2760,2250,1630,1060,720,380,170
Hougang,Lorong Halus,0,0,0,0,0,0,0,0,0,0,0,0,0,0,0,0,0,0,0
Hougang,Tai Seng,450,590,700,790,1010,1000,860,820,860,1020,1100,1170,1170,950,610,470,330,190,120
Hougang,Trafalgar,2070,2090,2450,2790,3300,3740,3380,3120,3400,3700,3970,4150,3630,2680,1610,920,560,310,150
Jurong East,International Business Park,0,0,0,0,0,0,0,0,0,0,0,0,0,0,0,0,0,0,0
Jurong East,Jurong Gateway,20,20,30,20,30,40,50,40,50,50,30,20,20,20,0,0,0,0,0
Jurong East,Jurong Port,0,0,0,0,0,0,0,0,0,0,0,0,0,0,0,0,0,0,0
Jurong East,Jurong River,0,0,0,0,0,0,0,0,0,0,0,0,0,0,0,0,0,0,0
Jurong East,Lakeside,20,20,20,20,40,50,60,50,60,60,60,60,80,90,60,50,30,10,10
Jurong East,Penjuru Crescent,0,0,0,0,0,0,0,0,0,0,0,0,0,0,0,0,0,0,0
Jurong East,Teban Gardens,830,880,880,990,1050,1170,1330,1400,1350,1330,1360,1390,1340,1440,1030,540,320,120,90
Jurong East,Toh Guan,420,550,700,920,1050,1280,1010,950,940,1160,1120,1340,1360,940,470,250,150,100,30
Jurong East,Yuhua East,700,820,1070,1260,1470,1810,1690,1640,1690,1850,1830,1940,2200,1940,1340,760,460,280,150
Jurong East,Yuhua West,640,720,930,1120,1280,1440,1320,1130,1290,1470,1510,1610,1630,1420,860,500,320,180,90
Jurong West,Boon Lay Place,1670,1710,1630,1770,1830,2020,2370,2470,2180,2290,2240,2110,1720,1480,980,620,340,160,70
Jurong West,Chin Bee,0,0,0,0,0,0,0,0,0,0,0,0,0,0,0,0,0,0,0
Jurong West,Hong Kah,1830,2240,2720,3150,3360,3900,3680,3780,3930,4200,4040,4120,4410,3720,2440,1350,710,350,170
Jurong West,Jurong West Central,2770,3780,4380,4030,3740,4390,4860,5760,6340,5690,4550,4210,4080,2920,1630,790,460,190,120
Jurong West,Kian Teck,0,0,0,0,0,0,0,0,0,0,0,0,0,0,0,0,0,0,0
Jurong West,Safti,0,0,0,0,0,0,0,0,0,0,0,0,0,0,0,0,0,0,0
Jurong West,Taman Jurong,2090,2280,2250,2540,2670,2870,2930,3190,3090,3260,3180,2820,2430,1900,1150,720,360,230,90
Jurong West,Wenya,470,630,670,520,370,460,550,880,910,720,520,430,400,330,180,120,70,50,30
Jurong West,Yunnan,2260,2960,3780,4670,5730,5950,4130,4600,4950,5170,5900,5680,4700,3550,2060,1070,600,270,170
Kallang,Bendemeer,1840,1730,1420,1400,1540,2360,3160,3220,3000,2730,2340,2490,2650,2440,1780,1300,840,480,370
Kallang,Boon Keng,470,440,410,520,560,780,870,870,780,890,900,920,960,850,640,480,300,210,100
Kallang,Crawford,260,230,290,290,370,450,430,400,530,580,690,880,870,790,670,500,360,200,110
Kallang,Geylang Bahru,320,360,500,580,660,690,670,690,810,970,970,1020,930,810,610,450,370,190,120
Kallang,Kallang Bahru,0,0,0,0,0,0,0,0,0,0,0,0,0,0,0,0,0,0,0
Kallang,Kampong Bugis,30,20,20,40,50,110,70,60,60,50,40,80,100,70,70,20,10,0,0
Kallang,Kampong Java,370,480,470,480,530,630,660,730,880,960,810,790,780,710,590,390,280,120,100
Kallang,Lavender,340,390,440,430,440,610,620,670,730,810,700,800,700,650,510,330,230,110,80
Kallang,Tanjong Rhu,400,540,680,690,550,510,560,810,1080,1240,980,790,700,550,390,290,160,70,40
Lim Chu Kang,Lim Chu Kang,0,0,0,10,10,0,0,0,0,0,10,20,10,0,10,0,0,0,0
Mandai,Mandai East,0,0,0,0,0,0,0,0,0,0,0,0,0,0,0,0,0,0,0
Mandai,Mandai Estate,80,90,130,140,170,160,130,130,140,170,170,180,120,90,70,40,30,20,0
Mandai,Mandai West,0,0,0,0,0,0,0,0,0,0,0,0,0,0,0,0,0,0,0
Marina East,Marina East,0,0,0,0,0,0,0,0,0,0,0,0,0,0,0,0,0,0,0
Marina South,Marina South,0,0,0,0,0,0,0,0,0,0,0,0,0,0,0,0,0,0,0
Marine Parade,East Coast,0,0,0,0,0,0,0,0,0,0,0,0,0,0,0,0,0,0,0
Marine Parade,Katong,410,500,470,520,510,550,490,720,850,860,730,670,580,500,400,220,200,120,90
Marine Parade,Marina East (Mp),0,0,0,0,0,0,0,0,0,0,0,0,0,0,0,0,0,0,0
Marine Parade,Marine Parade,1020,1390,1410,1310,1310,1320,1340,1760,2100,2360,2020,1890,1760,1560,1440,1180,910,480,290
Marine Parade,Mountbatten,430,540,570,570,590,620,600,690,850,910,760,790,650,570,450,240,180,120,80
Museum,Bras Basah,0,0,0,0,0,0,0,0,0,0,0,0,0,0,0,0,0,0,0
Museum,Dhoby Ghaut,10,20,10,10,0,20,40,40,40,30,20,20,10,10,0,0,0,0,0
Museum,Fort Canning,10,10,20,0,0,10,0,10,20,20,20,20,10,0,0,0,0,0,0
Newton,Cairnhill,210,270,200,160,180,200,260,300,370,410,310,270,210,190,150,80,60,40,20
Newton,Goodwood Park,80,110,90,60,50,70,60,100,120,120,90,70,60,40,40,20,0,0,10
Newton,Istana Negara,0,0,0,0,0,0,0,0,0,0,0,0,0,0,0,0,0,0,0
Newton,Monk's Hill,50,70,70,50,60,50,60,70,110,100,80,70,50,40,40,30,20,10,10
Newton,Newton Circus,10,20,10,10,10,0,20,20,20,20,20,20,0,10,10,0,0,0,0
Newton,Orange Grove,60,80,100,70,70,80,90,100,150,170,160,140,130,110,90,40,20,20,0
North-Eastern Islands,North-Eastern Islands,0,0,0,0,0,0,0,0,0,0,0,0,0,0,0,0,0,0,0
Novena,Balestier,1290,1490,1480,1440,1650,2100,2340,2470,2610,2790,2430,2340,2240,1900,1490,1140,780,470,310
Novena,Dunearn,140,210,260,230,260,220,160,220,280,360,320,290,250,230,180,130,90,80,30
Novena,Malcolm,140,240,190,190,150,130,150,170,270,260,200,200,170,170,140,80,60,40,40
Novena,Moulmein,540,930,580,400,330,390,510,860,1100,950,600,480,370,330,250,160,120,70,40
Novena,Mount Pleasant,30,30,40,40,50,60,40,40,20,40,60,60,60,50,30,20,10,10,0
Orchard,Boulevard,20,20,20,10,10,20,20,40,40,40,30,30,30,50,20,20,10,0,0
Orchard,Somerset,10,0,0,0,10,0,10,20,20,10,20,0,10,0,0,0,0,0,0
Orchard,Tanglin,20,20,30,20,10,10,20,30,40,40,20,40,10,20,20,10,0,0,0
Outram,China Square,20,30,20,30,40,70,90,80,80,100,90,120,140,160,110,80,50,30,10
Outram,Chinatown,480,630,500,330,370,590,670,970,1200,850,720,690,670,630,520,330,280,160,170
Outram,Pearl's Hill,170,220,220,230,260,310,280,280,320,440,480,620,690,620,530,390,280,140,150
Outram,People's Park,0,0,0,10,10,40,40,40,20,30,20,20,20,20,20,10,10,0,0
Pasir Ris,Flora Drive,540,680,890,970,1040,1000,820,970,1330,1340,1260,1160,990,600,430,260,190,110,70
Pasir Ris,Loyang East,50,50,120,150,180,180,110,110,140,160,190,220,180,150,80,50,20,10,10
Pasir Ris,Loyang West,0,0,0,0,0,0,0,0,0,0,0,0,10,20,20,20,50,40,30
Pasir Ris,Pasir Ris Central,1810,1690,1630,1990,2560,2550,2570,2420,2220,2390,2730,2800,1960,1230,760,460,310,150,80
Pasir Ris,Pasir Ris Drive,1750,2080,2730,3740,5420,5590,3020,2840,3050,3600,5230,5630,4120,2820,1610,920,600,350,180
Pasir Ris,Pasir Ris Park,500,560,500,500,430,360,550,780,890,760,610,450,230,180,100,60,20,10,20
Pasir Ris,Pasir Ris Wafer Fab Park,0,0,0,0,0,0,0,0,0,0,0,0,0,0,0,0,0,0,0
Pasir Ris,Pasir Ris West,1280,1610,2060,2740,3540,3050,1860,2110,2460,2910,3830,3230,2150,1350,790,510,340,190,100
Paya Lebar,Airport Road,0,0,0,0,0,0,0,0,0,0,0,0,0,0,0,0,0,0,0
Paya Lebar,Paya Lebar East,0,0,0,0,0,0,0,0,0,0,0,0,0,0,0,0,0,0,0
Paya Lebar,Paya Lebar North,0,0,0,0,0,0,0,0,0,0,0,0,0,0,0,0,0,0,0
Paya Lebar,Paya Lebar West,0,0,0,0,0,0,0,0,0,0,0,0,0,0,0,0,0,0,0
Paya Lebar,Plab,0,0,0,0,0,0,0,0,0,0,0,0,0,0,0,0,0,0,0
Pioneer,Benoi Sector,0,0,0,0,0,0,0,0,0,0,0,0,0,0,0,0,0,0,0
Pioneer,Gul Basin,0,0,0,0,0,0,0,0,0,0,0,0,0,0,0,0,0,0,0
Pioneer,Gul Circle,0,0,0,0,0,0,0,0,0,0,0,0,0,0,0,0,0,0,0
Pioneer,Joo Koon,0,0,0,0,0,0,0,0,0,0,0,0,0,0,0,0,0,0,0
Pioneer,Pioneer Sector,0,0,0,0,0,0,0,0,0,0,0,0,0,0,0,0,0,0,0
Punggol,Coney Island,0,0,0,0,0,0,0,0,0,0,0,0,0,0,0,0,0,0,0
Punggol,Matilda,5690,4710,2830,2140,1700,2810,6040,7320,4770,3500,2430,2050,1680,1450,950,530,290,130,70
Punggol,Northshore,0,10,20,20,30,30,20,10,20,20,30,30,30,20,10,0,0,10,0
Punggol,Punggol Canal,0,0,0,0,0,0,0,0,0,0,0,0,0,0,0,0,0,0,0
Punggol,Punggol Field,2670,3510,3930,3250,2580,2490,2940,4310,5240,4850,3270,2910,2390,1810,1220,690,440,200,120
Punggol,Punggol Town Centre,2770,1920,1060,720,570,1110,3190,3130,1860,1260,880,710,560,470,340,170,100,60,20
Punggol,Waterway East,5750,4580,3010,2080,1530,2440,6450,7000,4790,3320,2260,1860,1500,1360,890,490,280,140,70
Queenstown,Commonwealth,190,210,280,270,320,410,430,460,470,620,570,620,550,460,410,370,300,180,100
Queenstown,Dover,370,560,660,610,650,660,540,710,920,950,890,810,720,620,590,370,310,130,70
Queenstown,Ghim Moh,850,590,540,520,620,830,1370,1070,890,920,810,820,830,820,850,630,450,250,130
Queenstown,Holland Drive,400,350,400,490,550,810,800,790,930,1090,990,930,900,880,870,750,560,250,160
Queenstown,Kent Ridge,0,0,0,0,0,0,0,0,0,0,0,0,0,0,0,0,0,0,0
Queenstown,Margaret Drive,1190,1140,740,580,550,780,1440,1900,1470,1060,840,790,710,740,540,400,330,180,110
Queenstown,Mei Chin,450,560,740,810,970,1080,930,900,1030,1190,1300,1340,1200,950,700,560,480,290,140
Queenstown,National University Of S'pore,10,20,10,0,150,30,20,20,20,20,20,20,0,0,0,0,0,0,0
Queenstown,One North,40,70,50,30,20,30,50,90,80,100,80,40,10,20,10,0,0,0,0
Queenstown,Pasir Panjang 1,170,190,240,250,270,340,300,370,400,410,340,300,290,220,160,90,50,40,0
Queenstown,Pasir Panjang 2,100,120,140,160,210,230,180,180,230,200,230,230,260,270,140,70,40,0,10
Queenstown,Port,0,0,0,0,0,10,10,0,0,0,0,10,10,0,10,0,0,0,0
Queenstown,Queensway,0,0,10,0,20,20,20,30,20,40,30,30,20,20,20,10,0,0,0
Queenstown,Singapore Polytechnic,0,0,10,0,10,0,10,10,20,20,10,10,0,0,0,0,0,0,0
Queenstown,Tanglin Halt,430,430,420,420,450,670,760,810,890,920,820,860,770,720,680,500,430,270,130
River Valley,Institution Hill,220,250,200,140,130,170,230,380,420,350,240,170,140,160,110,50,30,20,10
River Valley,Leonie Hill,110,160,160,180,140,180,180,260,300,390,270,200,170,120,100,40,20,20,10
River Valley,One Tree Hill,90,110,100,110,110,110,100,140,160,190,200,170,150,110,90,50,50,20,20
River Valley,Oxley,60,60,70,70,50,90,100,100,140,140,110,100,80,90,80,50,30,10,20
River Valley,Paterson,10,20,20,10,10,0,20,20,20,30,20,20,20,0,0,0,0,0,0
Rochor,Bencoolen,30,50,30,40,50,50,90,70,90,90,110,120,110,100,70,30,40,20,10
Rochor,Farrer Park,70,90,140,120,110,140,170,210,250,240,210,180,220,190,140,70,50,30,30
Rochor,Kampong Glam,0,0,0,0,0,0,20,10,10,10,0,0,0,10,0,0,0,10,20
Rochor,Little India,70,90,120,160,160,220,200,200,250,250,250,260,280,270,200,150,90,50,50
Rochor,Mackenzie,0,10,0,10,0,10,0,20,20,20,0,0,0,0,0,0,0,0,0
Rochor,Mount Emily,70,80,80,50,40,90,160,220,210,160,90,60,70,40,20,10,10,0,10
Rochor,Rochor Canal,0,0,0,0,0,0,0,0,0,0,0,0,0,0,0,0,0,0,0
Rochor,Selegie,0,0,10,10,20,20,10,20,30,0,20,20,10,20,10,0,0,0,0
Rochor,Sungei Road,70,90,80,100,120,120,110,100,120,150,130,150,150,170,130,120,70,30,0
Rochor,Victoria,40,40,40,40,90,100,130,120,140,130,130,170,170,150,130,90,60,20,30
Seletar,Pulau Punggol Barat,0,0,0,0,0,0,0,0,0,0,0,0,0,0,0,0,0,0,0
Seletar,Pulau Punggol Timor,0,0,0,0,0,0,0,0,0,0,0,0,0,0,0,0,0,0,0
Seletar,Seletar,10,20,20,20,20,0,0,10,20,50,30,20,20,20,0,0,0,0,0
Seletar,Seletar Aerospace Park,0,0,0,0,0,0,0,0,0,0,0,0,0,0,0,0,0,0,0
Sembawang,Admiralty,800,920,980,910,760,840,1090,1230,1300,1230,1000,940,750,520,340,250,140,80,30
Sembawang,Sembawang Central,1750,1940,2140,2260,2120,2600,2620,2790,2970,3060,2570,2430,1990,1250,670,440,310,170,90
Sembawang,Sembawang East,1300,570,580,550,600,1550,1740,980,840,770,710,540,350,270,150,110,50,40,0
Sembawang,Sembawang North,1210,1620,1820,1830,1520,1530,1690,2280,2350,2360,1930,1810,1520,1050,590,370,200,110,40
Sembawang,Sembawang Springs,470,530,630,560,430,540,800,780,830,760,600,440,290,270,180,150,110,80,70
Sembawang,Sembawang Straits,70,110,100,130,140,140,70,80,130,160,150,150,110,60,60,40,30,10,0
Sembawang,Senoko North,0,0,0,0,0,0,0,0,0,0,0,0,0,0,0,0,0,0,0
Sembawang,Senoko South,0,0,0,0,0,0,0,0,0,0,0,0,0,0,0,0,0,0,0
Sembawang,The Wharves,0,0,0,0,0,0,0,0,0,0,0,0,0,0,0,0,0,0,0
Sengkang,Anchorvale,3980,3670,3200,2510,1890,2540,4940,5050,4410,3880,2490,2330,2100,1550,1010,570,270,130,90
Sengkang,Compassvale,1920,1850,1400,840,650,1020,2240,2860,2530,1470,970,880,860,700,500,290,160,70,30
Sengkang,Fernvale,5160,4950,3480,2570,2100,2590,5730,6980,5360,3970,3000,2590,2150,1740,1210,750,430,280,160
Sengkang,Lorong Halus North,0,0,0,0,0,0,0,0,0,0,0,0,0,0,0,0,0,0,0
Sengkang,Rivervale,2680,3210,3710,4020,4180,4040,4110,4410,4760,5200,4610,4700,4140,2810,1720,920,530,280,170
Sengkang,Sengkang Town Centre,3630,3580,3570,3680,3900,4250,5440,5520,4880,4890,4470,4230,3740,2490,1470,880,560,290,190
Sengkang,Sengkang West,0,0,0,0,0,0,0,0,0,0,0,0,0,0,0,0,0,0,0
Serangoon,Lorong Chuan,290,370,480,580,640,650,460,450,550,680,700,720,630,430,290,190,180,80,70
Serangoon,Seletar Hills,460,600,740,880,1090,1130,790,700,880,1050,1060,1180,1120,950,650,440,280,150,90
Serangoon,Serangoon Central,700,790,950,1230,1370,2080,1920,1560,1460,1840,1700,2120,2390,1870,1310,730,510,270,140
Serangoon,Serangoon Garden,1010,1240,1590,1910,2350,2670,2260,2000,2270,2580,2620,2940,3260,2860,1950,1230,890,530,320
Serangoon,Serangoon North,520,630,850,1010,1350,1410,960,1000,970,1160,1420,1450,1320,950,520,290,190,120,30
Serangoon,Serangoon North Ind Estate,0,0,0,0,0,0,0,0,0,0,0,0,0,0,0,0,0,0,0
Serangoon,Upper Paya Lebar,540,720,710,780,970,1460,1240,1030,1090,1080,1140,1280,1360,1070,760,460,300,170,80
Simpang,Pulau Seletar,0,0,0,0,0,0,0,0,0,0,0,0,0,0,0,0,0,0,0
Simpang,Simpang North,0,0,0,0,0,0,0,0,0,0,0,0,0,0,0,0,0,0,0
Simpang,Simpang South,0,0,0,0,0,0,0,0,0,0,0,0,0,0,0,0,0,0,0
Simpang,Tanjong Irau,0,0,0,0,0,0,0,0,0,0,0,0,0,0,0,0,0,0,0
Singapore River,Boat Quay,0,0,0,0,0,0,0,10,0,10,10,10,10,0,10,10,0,0,0
Singapore River,Clarke Quay,0,0,0,0,0,0,10,10,10,10,0,10,0,0,0,0,0,0,10
Singapore River,Robertson Quay,220,200,160,110,80,110,170,320,400,340,200,160,120,80,70,30,20,10,10
Southern Islands,Sentosa,120,110,110,90,90,70,80,160,190,250,190,180,110,70,40,20,0,0,0
Southern Islands,Southern Group,0,0,0,0,0,0,0,0,0,0,0,0,0,0,0,0,0,0,0
Straits View,Straits View,0,0,0,0,0,0,0,0,0,0,0,0,0,0,0,0,0,0,0
Sungei Kadut,Gali Batu,0,0,0,0,0,0,0,0,0,0,0,0,0,0,0,0,0,0,0
Sungei Kadut,Kranji,0,0,0,0,0,0,0,0,0,0,0,0,0,0,0,0,0,0,0
Sungei Kadut,Pang Sua,0,0,0,0,0,0,0,0,0,0,0,0,0,0,0,0,0,0,0
Sungei Kadut,Reservoir View,0,0,0,0,0,0,0,0,0,0,0,0,0,0,0,0,0,0,0
Sungei Kadut,Turf Club,20,40,20,40,50,60,40,40,40,50,50,50,50,40,40,30,30,10,0
Tampines,Simei,1490,1740,2000,2240,2800,3350,2480,2780,2950,3080,3010,3520,3130,2350,1420,780,530,310,200
Tampines,Tampines East,5700,5480,6060,7170,9850,11210,9570,9080,8150,8670,10350,11590,11160,8120,4800,2680,1760,970,530
Tampines,Tampines North,300,150,90,70,90,330,420,220,130,100,140,70,90,80,50,30,40,40,10
Tampines,Tampines West,3800,3740,3840,4400,5660,6410,6150,5780,5340,5450,5780,6580,6380,4600,2680,1450,940,520,280
Tampines,Xilin,30,70,70,120,170,160,100,70,80,120,160,220,170,80,60,20,20,10,0
Tanglin,Chatsworth,360,430,410,290,250,300,430,610,770,720,550,410,330,310,240,160,90,60,30
Tanglin,Nassim,520,830,620,540,460,440,480,720,920,910,740,630,550,490,350,200,120,80,70
Tanglin,Ridout,70,90,70,70,70,80,100,90,120,110,120,110,100,90,80,40,40,20,20
Tanglin,Tyersall,160,230,230,200,210,230,210,230,290,350,330,310,230,210,160,100,70,30,20
Tengah,Tengah,0,0,0,0,0,0,0,0,0,0,0,0,0,0,0,0,0,0,0
Toa Payoh,Bidadari,0,0,0,0,0,0,0,0,0,0,0,0,0,0,0,0,0,0,0
Toa Payoh,Boon Teck,510,500,570,720,760,1000,890,780,790,1000,1040,1220,1170,920,810,640,480,290,170
Toa Payoh,Braddell,360,420,470,460,580,690,590,630,670,760,760,760,730,660,490,380,280,150,110
Toa Payoh,Joo Seng,370,400,440,340,410,560,690,610,650,660,560,570,580,480,350,250,190,110,50
Toa Payoh,Kim Keat,210,290,300,340,470,660,470,460,510,620,580,690,740,570,450,320,220,100,60
Toa Payoh,Lorong 8 Toa Payoh,170,200,260,330,440,490,380,410,490,560,550,650,600,580,420,400,270,150,80
Toa Payoh,Pei Chun,290,370,480,550,570,600,520,600,760,910,920,860,830,670,570,490,340,150,90
Toa Payoh,Potong Pasir,370,470,450,550,510,740,800,830,880,900,860,870,1000,970,660,420,220,130,50
Toa Payoh,Sennett,210,240,280,290,310,390,400,390,400,400,330,370,390,340,260,180,120,100,80
Toa Payoh,Toa Payoh Central,1120,1520,1340,1350,1540,1810,1670,2200,2410,2370,2130,2070,1880,1500,1200,980,710,370,200
Toa Payoh,Toa Payoh West,560,480,510,570,650,940,1130,960,1050,1100,1030,1110,1080,970,840,660,520,270,140
Toa Payoh,Woodleigh,100,140,170,150,150,190,130,200,200,220,180,170,160,130,80,30,10,10,0
Tuas,Tengeh,0,0,0,0,0,0,0,0,0,0,0,0,0,0,0,0,0,0,0
Tuas,Tuas Bay,0,0,0,0,0,0,0,0,0,0,0,0,0,0,0,0,0,0,0
Tuas,Tuas North,0,0,0,0,0,0,0,0,0,0,0,0,0,0,0,0,0,0,0
Tuas,Tuas Promenade,0,0,0,0,0,0,0,0,0,0,0,0,0,0,0,0,0,0,0
Tuas,Tuas View,0,0,0,0,0,0,0,0,0,0,0,0,0,0,0,0,0,0,0
Tuas,Tuas View Extension,0,0,0,0,0,0,0,0,0,0,0,0,0,0,0,0,0,0,0
Western Islands,Jurong Island And Bukom,0,0,0,0,0,0,0,0,0,0,0,0,0,0,0,0,0,0,0
Western Islands,Semakau,0,0,0,0,0,0,0,0,0,0,0,0,0,0,0,0,0,0,0
Western Islands,Sudong,0,0,0,0,0,0,0,0,0,0,0,0,0,0,0,0,0,0,0
Western Water Catchment,Western Water Catchment,40,40,30,30,140,40,40,70,70,40,40,60,30,10,0,0,0,0,0
Woodlands,Greenwood Park,0,0,0,0,0,0,0,0,0,0,0,0,0,0,0,0,0,0,0
Woodlands,Midview,1650,1650,1940,2770,3530,3070,2530,2290,2100,2740,3410,2840,1990,1280,710,480,290,150,100
Woodlands,North Coast,310,360,500,730,1000,1040,690,680,720,870,1140,1190,1010,820,610,370,230,110,40
Woodlands,Senoko West,0,0,0,0,0,0,0,0,0,0,0,0,0,0,0,0,0,0,0
Woodlands,Woodgrove,1040,1370,1810,2510,3460,3050,2030,2010,2270,2750,3450,2860,2310,1430,820,460,330,170,110
Woodlands,Woodlands East,5010,5400,6160,7260,7860,7540,7330,7330,7680,8630,8140,7310,5380,3400,1930,1090,650,350,170
Woodlands,Woodlands Regional Centre,0,0,0,0,0,0,0,0,0,0,0,0,0,0,0,0,0,0,0
Woodlands,Woodlands South,2190,2730,2950,3100,2910,2600,2950,3610,3560,3620,3100,2510,1940,1460,870,470,280,140,40
Woodlands,Woodlands West,1410,1320,1520,1910,2640,2920,2350,2010,1950,2280,2800,2960,2600,1790,1180,740,470,230,90
Yishun,Khatib,340,310,420,500,670,970,770,620,590,700,790,1100,970,770,430,250,140,80,30
Yishun,Lower Seletar,2180,1540,1080,920,720,1400,2600,2100,1350,1210,820,680,470,340,230,100,110,20,20
Yishun,Nee Soon,30,50,60,50,50,60,60,50,60,100,70,100,60,50,40,40,10,0,0
Yishun,Northland,990,1090,1410,1640,1960,2410,1940,1900,1950,2070,2260,2690,2390,1710,1000,570,350,160,90
Yishun,Springleaf,130,180,230,290,340,390,250,190,260,330,300,370,330,280,230,100,70,30,20
Yishun,Yishun Central,60,90,100,90,130,180,150,150,160,140,150,200,150,130,60,50,20,0,10
Yishun,Yishun East,4620,4300,3120,3020,3270,4120,5820,6290,4650,3950,3870,4050,3270,2410,1400,740,450,230,110
Yishun,Yishun South,1870,1640,1970,2140,2580,3920,3450,2890,2800,3000,3090,3730,3180,2400,1520,910,530,280,160
Yishun,Yishun West,1890,2070,2620,3000,3440,3970,3610,3750,3960,4280,4530,4870,4490,3420,2080,1360,840,430,250
